{
  "name": "angular-owl-carousel",
  "version": "0.2.3",
  "authors": [
    "Jonah Dahlquist <jonah@nucleussystems.com>"
  ],
  "description": "Populate Owl Carousel with data from an Angular controller",
  "main": "src/angular-owl-carousel.js",
  "keywords": [
    "owl",
    "carousel",
    "angular",
    "directive"
  ],
  "license": "MIT",
  "homepage": "https://github.com/jonahbron/angular-owl-carousel",
  "ignore": [
    "**/.*",
    "node_modules",
    "bower_components",
    "test",
    "tests"
  ],
  "_release": "0.2.3",
  "_resolution": {
    "type": "version",
    "tag": "v0.2.3",
    "commit": "a2536e725da45ea514fc15d1c4e5cf5b35ce2e85"
  },
  "_source": "https://github.com/jonahbron/angular-owl-carousel.git",
  "_target": "~0.2.3",
  "_originalSource": "angular-owl-carousel",
  "_direct": true
}