{
  "name": "angular-elastic-input",
  "description": "A directive for AngularJS which automatically resizes the width of input field according to the content, while typing.",
  "version": "2.4.0",
  "homepage": "https://github.com/jacek-pulit/angular-elastic-input",
  "keywords": [
    "elastic input",
    "autosize input",
    "autogrow input"
  ],
  "license": "MIT License",
  "author": {
    "name": "Jacek Pulit",
    "email": "jacek.pulit@gmail.com"
  },
  "repository": {
    "type": "git",
    "url": "https://github.com/jacek-pulit/angular-elastic-input.git"
  },
  "main": "dist/angular-elastic-input.min.js",
  "ignore": [
    ".gitignore",
    ".jshintrc",
    "Gruntfile.js",
    "karma.conf.js",
    "package.json",
    "tasks",
    "config",
    "test"
  ],
  "dependencies": {
    "angular": ">=1.0.6"
  },
  "devDependencies": {
    "angular-mocks": ">=1.0.6"
  },
  "_release": "2.4.0",
  "_resolution": {
    "type": "version",
    "tag": "v2.4.0",
    "commit": "c7b51cced9fe8e7992d780506b6cec398f1e39d3"
  },
  "_source": "https://github.com/jacek-pulit/angular-elastic-input.git",
  "_target": "^2.4.0",
  "_originalSource": "angular-elastic-input",
  "_direct": true
}