{
  "name": "angular-no-captcha",
  "homepage": "https://github.com/CodeDistillery/angular-no-captcha",
  "authors": [
    "Veikko Karsikko <veikko@nordicventurefamily.com>"
  ],
  "description": "Angular.JS wrapper from Google's No CAPTCHA reCAPTCHA",
  "main": "src/angular-no-captcha.js",
  "keywords": [
    "angularjs",
    "angular.js",
    "nocaptcha",
    "recaptcha"
  ],
  "license": "MIT",
  "ignore": [
    "**/.*",
    "node_modules",
    "bower_components",
    "test",
    "tests"
  ],
  "version": "0.6.0",
  "_release": "0.6.0",
  "_resolution": {
    "type": "version",
    "tag": "v0.6.0",
    "commit": "f8ed3e3b1171ee1048dfb895ed7fe2d62e2d3b9c"
  },
  "_source": "https://github.com/CodeDistillery/angular-no-captcha.git",
  "_target": "~0.6.0",
  "_originalSource": "angular-no-captcha",
  "_direct": true
}